USE vk;


INSERT IGNORE INTO `users` (`id`, `firstname`, `lastname`, `email`, `age`, `password_hash`, `phone`, `is_deleted`) VALUES ('1', 'Greta', 'Hintz', 'kpadberg@example.com', 5, 'fab4af9becc1fa9235b08dd73b144d9a8954058a', '9504620738', '1');
INSERT IGNORE INTO `users` (`id`, `firstname`, `lastname`, `email`, `age`, `password_hash`, `phone`, `is_deleted`) VALUES ('2', 'Roxanne', 'Dooley', 'qframi@example.org', 10, '6a879d74bad4e412d70018943d1db30c68e6bb99', '9737964308', '1');
INSERT IGNORE INTO `users` (`id`, `firstname`, `lastname`, `email`, `age`, `password_hash`, `phone`, `is_deleted`) VALUES ('3', 'Jerald', 'Conroy', 'otto80@example.net', 12, '4123e95f3602a61c375fb8e4bb2e81b83c4f13e7', '9006542919', '1');
INSERT IGNORE INTO `users` (`id`, `firstname`, `lastname`, `email`, `age`, `password_hash`, `phone`, `is_deleted`) VALUES ('4', 'Shanelle', 'O\'Connell', 'malika37@example.com', 35, 'e395119af6330762c15675a387079a4e0efa8057', '9174695043', '0');
INSERT IGNORE INTO `users` (`id`, `firstname`, `lastname`, `email`, `age`, `password_hash`, `phone`, `is_deleted`) VALUES ('5', 'Dudley', 'Aufderhar', 'becker.hobart@example.net', 33, 'fd5502f99cffad6c12473d4f2765ef412d7e002e', '9135083479', '1');
INSERT IGNORE INTO `users` (`id`, `firstname`, `lastname`, `email`, `age`, `password_hash`, `phone`, `is_deleted`) VALUES ('6', 'Conner', 'Block', 'hudson.shaniya@example.com', 13, 'e5d0b428296172c6c8d91c559c8eecffce563ff9', '9663164872', '1');
INSERT IGNORE INTO `users` (`id`, `firstname`, `lastname`, `email`, `age`, `password_hash`, `phone`, `is_deleted`) VALUES ('7', 'Jacky', 'O\'Keefe', 'aurelio.pacocha@example.net', 15, 'd1a4a4e630f0cb8cc71f5e067637cb3a43dc35a0', '9702947721', '0');
INSERT IGNORE INTO `users` (`id`, `firstname`, `lastname`, `email`, `age`, `password_hash`, `phone`, `is_deleted`) VALUES ('8', 'Bernard', 'Pagac', 'erika01@example.com', 39, 'dfc07c5cd64d948de11a1739285cdee1fd13f837', '9580531576', '1');
INSERT IGNORE INTO `users` (`id`, `firstname`, `lastname`, `email`, `age`, `password_hash`, `phone`, `is_deleted`) VALUES ('9', 'Rylan', 'Funk', 'acole@example.com', 40, '82c083684f804e699711e9cb0c6b701914e3e541', '9579094086', '0');
INSERT IGNORE INTO `users` (`id`, `firstname`, `lastname`, `email`, `age`, `password_hash`, `phone`, `is_deleted`) VALUES ('10', 'Corene', 'Parker', 'monica07@example.net', 3,'dfe3a57a8a23096f1e9af24c2f11af88395e396a', '9855920544', '0');
INSERT IGNORE INTO `users` (`id`, `firstname`, `lastname`, `email`, `age`, `password_hash`, `phone`, `is_deleted`) VALUES ('11', 'Ephraim', 'Swaniawski', 'bmertz@example.com', 4, '2c498693ac5fde1bfb325f9fa1a02aba930fb4fa', '9508047233', '1');
INSERT IGNORE INTO `users` (`id`, `firstname`, `lastname`, `email`, `age`, `password_hash`, `phone`, `is_deleted`) VALUES ('12', 'Anissa', 'Purdy', 'devyn49@example.org', 50, '05a6b9b897a9bcce3824539d91c0fe40463f811b', '9812733698', '1');
INSERT IGNORE INTO `users` (`id`, `firstname`, `lastname`, `email`, `age`, `password_hash`, `phone`, `is_deleted`) VALUES ('13', 'Horacio', 'Hamill', 'delmer93@example.com', 17, '26a3a2ec168fc3caa2d7656501cde3e835d65cee', '9931874847', '1');
INSERT IGNORE INTO `users` (`id`, `firstname`, `lastname`, `email`, `age`, `password_hash`, `phone`, `is_deleted`) VALUES ('14', 'Kiana', 'Abernathy', 'damion.hilll@example.com', 20, '83d96c419048479b35b3cb17db3b3a423e884819', '9308188835', '0');
INSERT IGNORE INTO `users` (`id`, `firstname`, `lastname`, `email`, `age`, `password_hash`, `phone`, `is_deleted`) VALUES ('15', 'Antonette', 'Abshire', 'reva30@example.net', 25, 'c04268b45515f1f56e5e82439b443f467b2a4be6', '9844430741', '1');
INSERT IGNORE INTO `users` (`id`, `firstname`, `lastname`, `email`, `age`, `password_hash`, `phone`, `is_deleted`) VALUES ('16', 'Libbie', 'Lindgren', 'braden.mills@example.org', 40, '62852c906ec188bd4e70ede5f16800b0fea8b38a', '9533514733', '1');
INSERT IGNORE INTO `users` (`id`, `firstname`, `lastname`, `email`, `age`, `password_hash`, `phone`, `is_deleted`) VALUES ('17', 'Brayan', 'Lubowitz', 'zelda25@example.com', 45, 'c62e92c1e4e545e19047ef0bfdabc0212fe1dab2', '9568873326', '1');
INSERT IGNORE INTO `users` (`id`, `firstname`, `lastname`, `email`, `age`, `password_hash`, `phone`, `is_deleted`) VALUES ('18', 'Candida', 'Heller', 'celestine.weissnat@example.com', 4, '145e20b75c483d313cdbfdd1c7785d78108af12e', '9322107089', '0');
INSERT IGNORE INTO `users` (`id`, `firstname`, `lastname`, `email`, `age`, `password_hash`, `phone`, `is_deleted`) VALUES ('19', 'Darius', 'Braun', 'macy55@example.org', 55, 'f60b038f060869e5b686ff85a8b6a502f69fa53b', '9915925303', '1');
INSERT IGNORE INTO `users` (`id`, `firstname`, `lastname`, `email`, `age`, `password_hash`, `phone`, `is_deleted`) VALUES ('20', 'Denis', 'Mosciski', 'rickie42@example.net', 9, 'caaed13fd269ebdbabe7d2cf7d54b3f92c79fc1d', '9441565288', '1');
INSERT IGNORE INTO `users` (`id`, `firstname`, `lastname`, `email`, `age`, `password_hash`, `phone`, `is_deleted`) VALUES ('21', 'Shyann', 'Spinka', 'tdare@example.org', 8, '092ac33d3b01adec8a0ea75e9e0cb3ac571d9ca4', '9229386177', '0');
INSERT IGNORE INTO `users` (`id`, `firstname`, `lastname`, `email`, `age`, `password_hash`, `phone`, `is_deleted`) VALUES ('22', 'Kenyatta', 'Breitenberg', 'bosco.sidney@example.com', 10, 'ee035ade6e77a78caec5e0715fe443031fcea833', '9171995072', '1');
INSERT IGNORE INTO `users` (`id`, `firstname`, `lastname`, `email`, `age`, `password_hash`, `phone`, `is_deleted`) VALUES ('23', 'Elliot', 'Littel', 'christina13@example.org', 13, 'cdc6e9966bf6f10647f64731dc3c3f530f685b45', '9783607391', '0');
INSERT IGNORE INTO `users` (`id`, `firstname`, `lastname`, `email`, `age`, `password_hash`, `phone`, `is_deleted`) VALUES ('24', 'Jessica', 'Sanford', 'filiberto.herzog@example.net', 10, 'c83ec4a6080265b4df167234bdc66f8dbc70f151', '9026898876', '0');

INSERT IGNORE INTO `communities` (`id`, `name`, `admin_user_id`) VALUES ('1', 'et', '1');
INSERT IGNORE INTO `communities` (`id`, `name`, `admin_user_id`) VALUES ('2', 'iste', '2');
INSERT IGNORE INTO `communities` (`id`, `name`, `admin_user_id`) VALUES ('3', 'quae', '3');
INSERT IGNORE INTO `communities` (`id`, `name`, `admin_user_id`) VALUES ('4', 'cupiditate', '4');
INSERT IGNORE INTO `communities` (`id`, `name`, `admin_user_id`) VALUES ('5', 'ipsam', '5');
INSERT IGNORE INTO `communities` (`id`, `name`, `admin_user_id`) VALUES ('6', 'similique', '6');
INSERT IGNORE INTO `communities` (`id`, `name`, `admin_user_id`) VALUES ('7', 'neque', '7');
INSERT IGNORE INTO `communities` (`id`, `name`, `admin_user_id`) VALUES ('8', 'veritatis', '8');
INSERT IGNORE INTO `communities` (`id`, `name`, `admin_user_id`) VALUES ('9', 'corrupti', '9');
INSERT IGNORE INTO `communities` (`id`, `name`, `admin_user_id`) VALUES ('10', 'repellendus', '10');
INSERT IGNORE INTO `communities` (`id`, `name`, `admin_user_id`) VALUES ('11', 'recusandae', '11');
INSERT IGNORE INTO `communities` (`id`, `name`, `admin_user_id`) VALUES ('12', 'aspernatur', '12');
INSERT IGNORE INTO `communities` (`id`, `name`, `admin_user_id`) VALUES ('13', 'placeat', '13');
INSERT IGNORE INTO `communities` (`id`, `name`, `admin_user_id`) VALUES ('14', 'fuga', '14');
INSERT IGNORE INTO `communities` (`id`, `name`, `admin_user_id`) VALUES ('15', 'aut', '15');
INSERT IGNORE INTO `communities` (`id`, `name`, `admin_user_id`) VALUES ('16', 'autem', '16');
INSERT IGNORE INTO `communities` (`id`, `name`, `admin_user_id`) VALUES ('17', 'aut', '17');
INSERT IGNORE INTO `communities` (`id`, `name`, `admin_user_id`) VALUES ('18', 'quos', '18');
INSERT IGNORE INTO `communities` (`id`, `name`, `admin_user_id`) VALUES ('19', 'nostrum', '19');
INSERT IGNORE INTO `communities` (`id`, `name`, `admin_user_id`) VALUES ('20', 'sed', '20');
INSERT IGNORE INTO `communities` (`id`, `name`, `admin_user_id`) VALUES ('21', 'dolorum', '21');
INSERT IGNORE INTO `communities` (`id`, `name`, `admin_user_id`) VALUES ('22', 'repellat', '22');
INSERT IGNORE INTO `communities` (`id`, `name`, `admin_user_id`) VALUES ('23', 'recusandae', '23');
INSERT IGNORE INTO `communities` (`id`, `name`, `admin_user_id`) VALUES ('24', 'aut', '24');

INSERT IGNORE INTO `friend_requests` (`initiator_user_id`, `target_user_id`, `status`, `requested_at`, `updated_at`) VALUES ('1', '1', 'requested', '1970-01-28 22:07:40', '1994-05-22 11:14:17');
INSERT IGNORE INTO `friend_requests` (`initiator_user_id`, `target_user_id`, `status`, `requested_at`, `updated_at`) VALUES ('2', '2', 'requested', '2016-12-09 23:47:08', '2019-09-21 08:08:23');
INSERT IGNORE INTO `friend_requests` (`initiator_user_id`, `target_user_id`, `status`, `requested_at`, `updated_at`) VALUES ('3', '3', 'approved', '2013-05-04 18:17:04', '2010-03-06 16:58:00');
INSERT IGNORE INTO `friend_requests` (`initiator_user_id`, `target_user_id`, `status`, `requested_at`, `updated_at`) VALUES ('4', '4', 'declined', '1974-05-13 20:01:39', '1979-10-01 00:43:30');
INSERT IGNORE INTO `friend_requests` (`initiator_user_id`, `target_user_id`, `status`, `requested_at`, `updated_at`) VALUES ('5', '5', 'approved', '2020-07-11 23:17:49', '1998-08-20 03:22:41');
INSERT IGNORE INTO `friend_requests` (`initiator_user_id`, `target_user_id`, `status`, `requested_at`, `updated_at`) VALUES ('6', '6', 'requested', '1971-09-11 14:36:26', '2006-08-30 00:57:54');
INSERT IGNORE INTO `friend_requests` (`initiator_user_id`, `target_user_id`, `status`, `requested_at`, `updated_at`) VALUES ('7', '7', 'unfriended', '2003-06-28 18:09:25', '2016-08-27 08:38:08');
INSERT IGNORE INTO `friend_requests` (`initiator_user_id`, `target_user_id`, `status`, `requested_at`, `updated_at`) VALUES ('8', '8', 'unfriended', '1998-07-27 19:37:42', '1985-01-06 01:53:46');
INSERT IGNORE INTO `friend_requests` (`initiator_user_id`, `target_user_id`, `status`, `requested_at`, `updated_at`) VALUES ('9', '9', 'approved', '1979-02-10 04:00:08', '2003-03-14 05:04:50');
INSERT IGNORE INTO `friend_requests` (`initiator_user_id`, `target_user_id`, `status`, `requested_at`, `updated_at`) VALUES ('10', '10', 'approved', '1978-09-25 19:54:10', '2012-09-22 07:50:45');
INSERT IGNORE INTO `friend_requests` (`initiator_user_id`, `target_user_id`, `status`, `requested_at`, `updated_at`) VALUES ('11', '11', 'requested', '1988-09-17 05:26:19', '2017-07-24 22:09:19');
INSERT IGNORE INTO `friend_requests` (`initiator_user_id`, `target_user_id`, `status`, `requested_at`, `updated_at`) VALUES ('12', '12', 'approved', '1988-03-23 09:00:37', '1970-02-01 12:40:23');
INSERT IGNORE INTO `friend_requests` (`initiator_user_id`, `target_user_id`, `status`, `requested_at`, `updated_at`) VALUES ('13', '13', 'approved', '1997-05-21 04:03:57', '1997-06-21 00:33:51');
INSERT IGNORE INTO `friend_requests` (`initiator_user_id`, `target_user_id`, `status`, `requested_at`, `updated_at`) VALUES ('14', '14', 'approved', '2014-09-16 09:35:56', '2013-02-21 12:39:19');
INSERT IGNORE INTO `friend_requests` (`initiator_user_id`, `target_user_id`, `status`, `requested_at`, `updated_at`) VALUES ('15', '15', 'approved', '1981-04-10 05:54:03', '1974-03-27 18:35:42');
INSERT IGNORE INTO `friend_requests` (`initiator_user_id`, `target_user_id`, `status`, `requested_at`, `updated_at`) VALUES ('16', '16', 'approved', '1976-06-03 16:56:44', '2011-11-13 07:24:56');
INSERT IGNORE INTO `friend_requests` (`initiator_user_id`, `target_user_id`, `status`, `requested_at`, `updated_at`) VALUES ('17', '17', 'approved', '2010-05-03 23:41:49', '2016-01-11 23:56:20');
INSERT IGNORE INTO `friend_requests` (`initiator_user_id`, `target_user_id`, `status`, `requested_at`, `updated_at`) VALUES ('18', '18', 'declined', '1993-09-05 21:44:28', '1973-10-08 00:55:45');
INSERT IGNORE INTO `friend_requests` (`initiator_user_id`, `target_user_id`, `status`, `requested_at`, `updated_at`) VALUES ('19', '19', 'approved', '2017-04-01 19:46:52', '1998-05-26 22:14:30');
INSERT IGNORE INTO `friend_requests` (`initiator_user_id`, `target_user_id`, `status`, `requested_at`, `updated_at`) VALUES ('20', '20', 'requested', '1970-07-30 01:54:18', '2015-07-19 02:45:17');
INSERT IGNORE INTO `friend_requests` (`initiator_user_id`, `target_user_id`, `status`, `requested_at`, `updated_at`) VALUES ('21', '21', 'declined', '2002-08-31 03:07:48', '2010-02-17 12:23:03');
INSERT IGNORE INTO `friend_requests` (`initiator_user_id`, `target_user_id`, `status`, `requested_at`, `updated_at`) VALUES ('22', '22', 'requested', '1993-04-23 20:37:10', '2009-09-05 18:36:38');
INSERT IGNORE INTO `friend_requests` (`initiator_user_id`, `target_user_id`, `status`, `requested_at`, `updated_at`) VALUES ('23', '23', 'requested', '1999-07-21 08:54:31', '1986-11-18 05:21:31');
INSERT IGNORE INTO `friend_requests` (`initiator_user_id`, `target_user_id`, `status`, `requested_at`, `updated_at`) VALUES ('24', '24', 'approved', '1985-02-02 09:26:20', '1997-07-13 06:15:47');

INSERT IGNORE INTO `users_communities` (`user_id`, `community_id`) VALUES ('1', '1');
INSERT IGNORE INTO `users_communities` (`user_id`, `community_id`) VALUES ('2', '2');
INSERT IGNORE INTO `users_communities` (`user_id`, `community_id`) VALUES ('3', '3');
INSERT IGNORE INTO `users_communities` (`user_id`, `community_id`) VALUES ('4', '4');
INSERT IGNORE INTO `users_communities` (`user_id`, `community_id`) VALUES ('5', '5');
INSERT IGNORE INTO `users_communities` (`user_id`, `community_id`) VALUES ('6', '6');
INSERT IGNORE INTO `users_communities` (`user_id`, `community_id`) VALUES ('7', '7');
INSERT IGNORE INTO `users_communities` (`user_id`, `community_id`) VALUES ('8', '8');
INSERT IGNORE INTO `users_communities` (`user_id`, `community_id`) VALUES ('9', '9');
INSERT IGNORE INTO `users_communities` (`user_id`, `community_id`) VALUES ('10', '10');
INSERT IGNORE INTO `users_communities` (`user_id`, `community_id`) VALUES ('11', '11');
INSERT IGNORE INTO `users_communities` (`user_id`, `community_id`) VALUES ('12', '12');
INSERT IGNORE INTO `users_communities` (`user_id`, `community_id`) VALUES ('13', '13');
INSERT IGNORE INTO `users_communities` (`user_id`, `community_id`) VALUES ('14', '14');
INSERT IGNORE INTO `users_communities` (`user_id`, `community_id`) VALUES ('15', '15');
INSERT IGNORE INTO `users_communities` (`user_id`, `community_id`) VALUES ('16', '16');
INSERT IGNORE INTO `users_communities` (`user_id`, `community_id`) VALUES ('17', '17');
INSERT IGNORE INTO `users_communities` (`user_id`, `community_id`) VALUES ('18', '18');
INSERT IGNORE INTO `users_communities` (`user_id`, `community_id`) VALUES ('19', '19');
INSERT IGNORE INTO `users_communities` (`user_id`, `community_id`) VALUES ('20', '20');
INSERT IGNORE INTO `users_communities` (`user_id`, `community_id`) VALUES ('21', '21');
INSERT IGNORE INTO `users_communities` (`user_id`, `community_id`) VALUES ('22', '22');
INSERT IGNORE INTO `users_communities` (`user_id`, `community_id`) VALUES ('23', '23');
INSERT IGNORE INTO `users_communities` (`user_id`, `community_id`) VALUES ('24', '24');

INSERT IGNORE INTO `messages` (`id`, `from_user_id`, `to_user_id`, `body`, `created_at`) VALUES ('1', '1', '23', 'Voluptatibus facere sunt ducimus fugiat ad. Corrupti maxime illo neque dolorem dicta ipsam itaque ducimus. Ab odit maiores explicabo aut. Rem nesciunt itaque voluptas reprehenderit.', '1994-04-20 04:30:58');
INSERT IGNORE INTO `messages` (`id`, `from_user_id`, `to_user_id`, `body`, `created_at`) VALUES ('2', '23', '1', 'Harum temporibus ipsum odit fuga eaque. Eius unde magni odio et non aut qui. Autem nihil est deserunt esse quaerat velit. Est velit omnis non magnam repellat eos.', '1988-07-18 15:30:43');
INSERT IGNORE INTO `messages` (`id`, `from_user_id`, `to_user_id`, `body`, `created_at`) VALUES ('3', '1', '23', 'Natus et rerum dolorum ut et voluptas. Dignissimos velit porro incidunt necessitatibus doloribus quod mollitia. Vel est mollitia accusantium occaecati iste deleniti reprehenderit.', '1975-05-25 09:52:01');
INSERT IGNORE INTO `messages` (`id`, `from_user_id`, `to_user_id`, `body`, `created_at`) VALUES ('4', '1', '23', 'Temporibus voluptatum quo odit enim. Enim suscipit voluptatum reprehenderit aut. Placeat ea nostrum nobis perspiciatis laudantium. A eos nobis et accusamus voluptatem.', '1979-01-08 11:25:58');
INSERT IGNORE INTO `messages` (`id`, `from_user_id`, `to_user_id`, `body`, `created_at`) VALUES ('5', '1', '23', 'Cum aut omnis voluptatibus error sed sed. Laudantium est delectus ut ea aliquam. Dolore non soluta quasi ea neque dolorum.', '1990-01-24 21:41:30');
INSERT IGNORE INTO `messages` (`id`, `from_user_id`, `to_user_id`, `body`, `created_at`) VALUES ('6', '6', '1', 'Ipsa dignissimos exercitationem eius magnam voluptas. Sit corrupti doloribus aperiam est eos sit. Quo maxime occaecati quis debitis aspernatur nostrum adipisci.', '2007-11-16 22:36:53');
INSERT IGNORE INTO `messages` (`id`, `from_user_id`, `to_user_id`, `body`, `created_at`) VALUES ('7', '7', '1', 'Est voluptatem possimus est est sint autem. Temporibus excepturi ullam mollitia officiis. Totam odit dolores eligendi minima animi. Voluptates quia quas esse consequatur incidunt voluptatem consequatur rerum.', '2013-02-13 22:07:37');
INSERT IGNORE INTO `messages` (`id`, `from_user_id`, `to_user_id`, `body`, `created_at`) VALUES ('8', '8', '1', 'Mollitia molestias iure non sequi natus voluptas eaque quaerat. Praesentium quidem cupiditate assumenda impedit modi rerum quis. Est quis veniam sequi aperiam consequatur consequatur. Ad ipsam aut illo vitae commodi quis eaque.', '2017-09-20 11:55:16');
INSERT IGNORE INTO `messages` (`id`, `from_user_id`, `to_user_id`, `body`, `created_at`) VALUES ('9', '1', '9', 'Est cum delectus incidunt hic harum. Necessitatibus illo eos saepe sed necessitatibus et. Quo et iste iste quia enim qui maxime.', '1992-11-30 08:00:04');
INSERT IGNORE INTO `messages` (`id`, `from_user_id`, `to_user_id`, `body`, `created_at`) VALUES ('10', '1', '10', 'Et at rem sunt voluptates. Sapiente debitis assumenda quod.', '1976-02-24 00:30:41');
INSERT IGNORE INTO `messages` (`id`, `from_user_id`, `to_user_id`, `body`, `created_at`) VALUES ('11', '1', '11', 'Deleniti eligendi qui accusamus perferendis deleniti in sunt. Praesentium et voluptas necessitatibus libero placeat. Cumque voluptas odit modi aut saepe nisi commodi consectetur. Magni distinctio voluptatum delectus doloremque.', '1977-02-16 20:08:10');
INSERT IGNORE INTO `messages` (`id`, `from_user_id`, `to_user_id`, `body`, `created_at`) VALUES ('12', '12', '12', 'Quae voluptatem dolor asperiores voluptas et voluptatum odit qui. Odio ut et necessitatibus sunt voluptatem. Facilis ad modi nisi aliquam placeat ducimus reiciendis recusandae.', '1982-11-15 14:03:55');
INSERT IGNORE INTO `messages` (`id`, `from_user_id`, `to_user_id`, `body`, `created_at`) VALUES ('13', '13', '13', 'Fugiat nihil sunt ea qui praesentium ipsam cupiditate. Sit dicta omnis animi eum deserunt porro. Sint sapiente ratione voluptatum ullam sint. Repudiandae aut quis quae velit est.', '1975-09-08 06:35:35');
INSERT IGNORE INTO `messages` (`id`, `from_user_id`, `to_user_id`, `body`, `created_at`) VALUES ('14', '14', '14', 'Voluptatem voluptatem ut natus a. At blanditiis autem dolorem vero nisi quo voluptas. Sit id qui velit dolore aut voluptatum nesciunt minus. Fuga maxime minus sint voluptas quas fugit neque. Voluptatem odio numquam officia omnis ea eum.', '2003-03-29 06:01:20');
INSERT IGNORE INTO `messages` (`id`, `from_user_id`, `to_user_id`, `body`, `created_at`) VALUES ('15', '15', '15', 'Facilis aperiam occaecati nam harum magni quo. Dolores voluptatem deleniti totam assumenda. Consequuntur tempore aut aspernatur ea quia facere excepturi.', '1977-01-07 18:04:04');
INSERT IGNORE INTO `messages` (`id`, `from_user_id`, `to_user_id`, `body`, `created_at`) VALUES ('16', '16', '16', 'Voluptas aperiam a quaerat. Omnis quo vel laborum deserunt rem. Sunt doloribus molestias recusandae eum eos nostrum. Voluptates maxime tempore voluptates itaque autem nihil ex.', '1979-03-05 00:24:05');
INSERT IGNORE INTO `messages` (`id`, `from_user_id`, `to_user_id`, `body`, `created_at`) VALUES ('17', '17', '1', 'Molestiae ratione sapiente reiciendis voluptas voluptas nobis. Sed qui vel perferendis reprehenderit. Quia culpa magni voluptatem soluta eligendi dignissimos nulla.', '1981-12-14 15:21:10');
INSERT IGNORE INTO `messages` (`id`, `from_user_id`, `to_user_id`, `body`, `created_at`) VALUES ('18', '1', '18', 'Fuga id laudantium ea rerum. Unde quibusdam ut non libero minus eos quidem dolores. Delectus omnis sed et quia ab. Vero veniam omnis ab porro incidunt.', '2020-05-22 10:19:15');
INSERT IGNORE INTO `messages` (`id`, `from_user_id`, `to_user_id`, `body`, `created_at`) VALUES ('19', '23', '1', 'Cum enim repellendus nam eum quia et voluptatibus. Ut unde repudiandae nulla similique est sequi. Quis consequatur quis labore ut iusto. Quia alias quae dolor est rerum in aperiam.', '2017-09-07 10:46:09');
INSERT IGNORE INTO `messages` (`id`, `from_user_id`, `to_user_id`, `body`, `created_at`) VALUES ('20', '1', '23', 'Et aut quidem esse repellat beatae rerum. Est et optio quidem et. Pariatur eos ipsum a. Quia laudantium laudantium magni.', '1979-05-16 00:02:14');
INSERT IGNORE INTO `messages` (`id`, `from_user_id`, `to_user_id`, `body`, `created_at`) VALUES ('21', '1', '23', 'Soluta quibusdam dolorem sequi molestias illo iusto consectetur veniam. Labore esse qui tempora eius. Officia minima iure enim dignissimos dolore repudiandae autem consequatur.', '1976-03-20 00:05:32');
INSERT IGNORE INTO `messages` (`id`, `from_user_id`, `to_user_id`, `body`, `created_at`) VALUES ('22', '23', '1', 'Modi inventore aliquid maiores placeat quis enim at. Eos dolor sapiente itaque. Et est possimus qui eveniet neque aliquid eum illum. Amet odit expedita ipsa ut.', '2002-06-05 16:42:09');
INSERT IGNORE INTO `messages` (`id`, `from_user_id`, `to_user_id`, `body`, `created_at`) VALUES ('23', '23', '23', 'Atque autem est ipsa nisi eveniet nemo. Beatae tempora ut tempora debitis laborum consequatur qui.', '1997-04-27 09:53:28');
INSERT IGNORE INTO `messages` (`id`, `from_user_id`, `to_user_id`, `body`, `created_at`) VALUES ('24', '1', '24', 'Quia et deleniti ipsa et aut. Voluptates debitis iusto magni veniam. Quia dolore in et et. Eum doloribus officia ut distinctio.', '1991-12-16 12:24:37');


INSERT IGNORE INTO `likes` (`id`, `user_id`, `media_id`, `created_at`) VALUES ('1', '1', '1', '1979-07-20 15:05:14');
INSERT IGNORE INTO `likes` (`id`, `user_id`, `media_id`, `created_at`) VALUES ('2', '2', '2', '1985-08-06 12:44:14');
INSERT IGNORE INTO `likes` (`id`, `user_id`, `media_id`, `created_at`) VALUES ('3', '3', '3', '1999-06-18 23:26:09');
INSERT IGNORE INTO `likes` (`id`, `user_id`, `media_id`, `created_at`) VALUES ('4', '4', '4', '1993-01-28 22:24:00');
INSERT IGNORE INTO `likes` (`id`, `user_id`, `media_id`, `created_at`) VALUES ('5', '5', '5', '2012-06-13 05:04:21');
INSERT IGNORE INTO `likes` (`id`, `user_id`, `media_id`, `created_at`) VALUES ('6', '6', '6', '2010-07-23 16:11:14');
INSERT IGNORE INTO `likes` (`id`, `user_id`, `media_id`, `created_at`) VALUES ('7', '7', '7', '1979-07-20 10:12:52');
INSERT IGNORE INTO `likes` (`id`, `user_id`, `media_id`, `created_at`) VALUES ('8', '8', '8', '2004-01-18 05:53:52');
INSERT IGNORE INTO `likes` (`id`, `user_id`, `media_id`, `created_at`) VALUES ('9', '9', '9', '2019-07-30 10:31:27');
INSERT IGNORE INTO `likes` (`id`, `user_id`, `media_id`, `created_at`) VALUES ('10', '10', '10', '1992-02-21 16:22:49');
INSERT IGNORE INTO `likes` (`id`, `user_id`, `media_id`, `created_at`) VALUES ('11', '11', '11', '1976-08-15 11:27:54');
INSERT IGNORE INTO `likes` (`id`, `user_id`, `media_id`, `created_at`) VALUES ('12', '12', '12', '1977-11-16 14:12:40');
INSERT IGNORE INTO `likes` (`id`, `user_id`, `media_id`, `created_at`) VALUES ('13', '13', '13', '1981-12-25 11:41:41');
INSERT IGNORE INTO `likes` (`id`, `user_id`, `media_id`, `created_at`) VALUES ('14', '14', '14', '2000-09-20 15:34:18');
INSERT IGNORE INTO `likes` (`id`, `user_id`, `media_id`, `created_at`) VALUES ('15', '15', '15', '2004-04-19 13:00:31');
INSERT IGNORE INTO `likes` (`id`, `user_id`, `media_id`, `created_at`) VALUES ('16', '16', '16', '1972-05-27 21:14:03');
INSERT IGNORE INTO `likes` (`id`, `user_id`, `media_id`, `created_at`) VALUES ('17', '17', '17', '1988-09-19 17:33:04');
INSERT IGNORE INTO `likes` (`id`, `user_id`, `media_id`, `created_at`) VALUES ('18', '18', '18', '2016-09-15 23:15:54');
INSERT IGNORE INTO `likes` (`id`, `user_id`, `media_id`, `created_at`) VALUES ('19', '19', '19', '1972-01-22 21:29:48');
INSERT IGNORE INTO `likes` (`id`, `user_id`, `media_id`, `created_at`) VALUES ('20', '20', '20', '1995-08-08 07:28:48');
INSERT IGNORE INTO `likes` (`id`, `user_id`, `media_id`, `created_at`) VALUES ('21', '21', '21', '1970-10-14 15:33:57');
INSERT IGNORE INTO `likes` (`id`, `user_id`, `media_id`, `created_at`) VALUES ('22', '22', '22', '1990-11-21 07:43:20');
INSERT IGNORE INTO `likes` (`id`, `user_id`, `media_id`, `created_at`) VALUES ('23', '23', '23', '2009-06-18 06:23:51');
INSERT IGNORE INTO `likes` (`id`, `user_id`, `media_id`, `created_at`) VALUES ('24', '24', '24', '1978-08-27 01:08:06');

INSERT IGNORE INTO `media_types` (`id`, `name`, `created_at`, `updated_at`) VALUES ('1', 'repellendus', '2016-01-03 22:14:30', '2002-07-05 18:56:21');
INSERT IGNORE INTO `media_types` (`id`, `name`, `created_at`, `updated_at`) VALUES ('2', 'quam', '2005-06-04 06:12:38', '1976-03-25 16:55:25');
INSERT IGNORE INTO `media_types` (`id`, `name`, `created_at`, `updated_at`) VALUES ('3', 'distinctio', '1978-07-28 01:53:40', '1988-11-01 23:17:09');
INSERT IGNORE INTO `media_types` (`id`, `name`, `created_at`, `updated_at`) VALUES ('4', 'exercitationem', '1971-08-05 06:34:23', '1979-05-06 20:27:13');
INSERT IGNORE INTO `media_types` (`id`, `name`, `created_at`, `updated_at`) VALUES ('5', 'velit', '1977-09-05 12:25:07', '2012-07-05 20:07:34');
INSERT IGNORE INTO `media_types` (`id`, `name`, `created_at`, `updated_at`) VALUES ('6', 'voluptatem', '2015-03-07 00:58:06', '2006-01-21 05:19:45');
INSERT IGNORE INTO `media_types` (`id`, `name`, `created_at`, `updated_at`) VALUES ('7', 'eum', '1992-12-08 05:18:34', '1994-07-08 13:04:08');
INSERT IGNORE INTO `media_types` (`id`, `name`, `created_at`, `updated_at`) VALUES ('8', 'eum', '1978-05-20 11:49:48', '2006-08-31 16:09:15');
INSERT IGNORE INTO `media_types` (`id`, `name`, `created_at`, `updated_at`) VALUES ('9', 'quia', '1973-12-19 08:24:31', '2019-08-13 19:15:59');
INSERT IGNORE INTO `media_types` (`id`, `name`, `created_at`, `updated_at`) VALUES ('10', 'facilis', '2006-03-27 07:04:30', '2008-08-04 09:01:09');
INSERT IGNORE INTO `media_types` (`id`, `name`, `created_at`, `updated_at`) VALUES ('11', 'libero', '1999-11-07 21:39:19', '2016-12-28 06:02:29');
INSERT IGNORE INTO `media_types` (`id`, `name`, `created_at`, `updated_at`) VALUES ('12', 'facere', '1974-11-24 12:24:05', '1975-03-30 11:51:37');
INSERT IGNORE INTO `media_types` (`id`, `name`, `created_at`, `updated_at`) VALUES ('13', 'qui', '2002-04-19 15:04:44', '1987-12-09 17:35:58');
INSERT IGNORE INTO `media_types` (`id`, `name`, `created_at`, `updated_at`) VALUES ('14', 'aliquam', '2013-09-04 04:12:15', '2018-02-17 01:05:38');
INSERT IGNORE INTO `media_types` (`id`, `name`, `created_at`, `updated_at`) VALUES ('15', 'pariatur', '2020-08-07 11:19:13', '1973-11-09 21:52:17');
INSERT IGNORE INTO `media_types` (`id`, `name`, `created_at`, `updated_at`) VALUES ('16', 'ut', '1984-05-02 11:14:40', '1989-03-20 14:56:02');
INSERT IGNORE INTO `media_types` (`id`, `name`, `created_at`, `updated_at`) VALUES ('17', 'et', '1970-07-07 15:31:09', '1979-03-28 08:50:33');
INSERT IGNORE INTO `media_types` (`id`, `name`, `created_at`, `updated_at`) VALUES ('18', 'voluptatibus', '1998-10-08 02:51:43', '1990-05-04 15:01:59');
INSERT IGNORE INTO `media_types` (`id`, `name`, `created_at`, `updated_at`) VALUES ('19', 'corporis', '2008-12-25 08:41:25', '1986-05-03 02:03:52');
INSERT IGNORE INTO `media_types` (`id`, `name`, `created_at`, `updated_at`) VALUES ('20', 'ut', '2012-03-08 11:14:24', '1990-09-19 22:08:14');
INSERT IGNORE INTO `media_types` (`id`, `name`, `created_at`, `updated_at`) VALUES ('21', 'sed', '1999-09-03 08:29:01', '2018-10-27 03:01:35');
INSERT IGNORE INTO `media_types` (`id`, `name`, `created_at`, `updated_at`) VALUES ('22', 'eos', '2004-08-27 07:27:40', '1989-08-15 02:36:56');
INSERT IGNORE INTO `media_types` (`id`, `name`, `created_at`, `updated_at`) VALUES ('23', 'aut', '2010-01-19 08:11:14', '1976-09-18 18:47:24');
INSERT IGNORE INTO `media_types` (`id`, `name`, `created_at`, `updated_at`) VALUES ('24', 'non', '2015-12-06 12:17:42', '2000-08-06 09:56:48');

INSERT IGNORE INTO `media` (`id`, `media_type_id`, `user_id`, `body`, `filename`, `size`, `metadata`, `created_at`, `updated_at`) VALUES ('1', '1', '1', 'Beatae vitae iste consectetur minima quasi. Explicabo esse deserunt sit mollitia. Sint facilis voluptates dolorum magnam.', 'et', 982104479, NULL, '1985-07-07 12:27:06', '1999-01-26 05:10:01');
INSERT IGNORE INTO `media` (`id`, `media_type_id`, `user_id`, `body`, `filename`, `size`, `metadata`, `created_at`, `updated_at`) VALUES ('2', '2', '2', 'Sed voluptatem enim sit. Enim dolore ipsum magni odio. Ipsa occaecati iste voluptatem sed id voluptas est magni.', 'earum', 0, NULL, '2018-01-21 15:29:06', '1991-07-12 01:43:00');
INSERT IGNORE INTO `media` (`id`, `media_type_id`, `user_id`, `body`, `filename`, `size`, `metadata`, `created_at`, `updated_at`) VALUES ('3', '3', '3', 'Enim quas rerum possimus qui sed quaerat. Omnis libero dicta sequi omnis id eum quo. Fugiat accusantium vel debitis sit voluptatem voluptas nobis.', 'qui', 659222, NULL, '1982-08-31 05:01:25', '2018-11-07 07:03:17');
INSERT IGNORE INTO `media` (`id`, `media_type_id`, `user_id`, `body`, `filename`, `size`, `metadata`, `created_at`, `updated_at`) VALUES ('4', '4', '4', 'Qui sapiente illo laborum maxime. Consequatur eius voluptates consequatur consequatur corporis sequi similique nobis. Tempore iste molestiae nam nam sit placeat.', 'facilis', 3770, NULL, '1994-03-14 12:46:01', '1983-10-05 05:49:20');
INSERT IGNORE INTO `media` (`id`, `media_type_id`, `user_id`, `body`, `filename`, `size`, `metadata`, `created_at`, `updated_at`) VALUES ('5', '5', '5', 'Sunt veniam occaecati ducimus molestiae laboriosam. Rerum neque vel asperiores voluptatem inventore. Omnis vero aut est quibusdam minus at.', 'vitae', 9, NULL, '1984-09-21 15:31:08', '1993-05-01 03:43:47');
INSERT IGNORE INTO `media` (`id`, `media_type_id`, `user_id`, `body`, `filename`, `size`, `metadata`, `created_at`, `updated_at`) VALUES ('6', '6', '6', 'Rerum rem commodi dicta qui deleniti commodi. Ut aut aut suscipit dolor nulla itaque libero corporis. Quisquam beatae error est quae sed alias consequatur quaerat.', 'doloribus', 94, NULL, '1997-12-26 00:36:52', '1982-06-06 16:39:51');
INSERT IGNORE INTO `media` (`id`, `media_type_id`, `user_id`, `body`, `filename`, `size`, `metadata`, `created_at`, `updated_at`) VALUES ('7', '7', '7', 'Nulla exercitationem eos maxime non quae saepe omnis voluptates. Et voluptatem vel et perferendis atque dolores qui. Dolorem quidem quia ipsam officia est qui.', 'aut', 88204933, NULL, '1984-08-25 22:38:44', '1985-03-06 20:45:18');
INSERT IGNORE INTO `media` (`id`, `media_type_id`, `user_id`, `body`, `filename`, `size`, `metadata`, `created_at`, `updated_at`) VALUES ('8', '8', '8', 'Autem sed quis vero officiis deserunt optio. Amet atque enim assumenda nemo. Necessitatibus sed aperiam eos quo quibusdam suscipit. Autem reiciendis doloremque sunt porro et numquam amet. Sunt laboriosam error accusantium voluptates error.', 'tempore', 60776, NULL, '1993-08-12 19:11:17', '1989-09-18 12:27:43');
INSERT IGNORE INTO `media` (`id`, `media_type_id`, `user_id`, `body`, `filename`, `size`, `metadata`, `created_at`, `updated_at`) VALUES ('9', '9', '9', 'Dolor laboriosam est ad fugiat tempore dolorem. Suscipit voluptatibus numquam animi vel dolores. Ipsam necessitatibus eos omnis blanditiis.', 'autem', 0, NULL, '1990-05-04 20:42:09', '1979-01-27 02:15:07');
INSERT IGNORE INTO `media` (`id`, `media_type_id`, `user_id`, `body`, `filename`, `size`, `metadata`, `created_at`, `updated_at`) VALUES ('10', '10', '10', 'Veritatis vitae inventore odio doloremque consequatur odio sunt. Tempore neque vero aut amet voluptate ut. Corrupti placeat dignissimos et molestias. Placeat dolor magnam enim aut commodi sit quae.', 'aliquam', 0, NULL, '2004-04-04 09:19:21', '1991-02-01 12:53:59');
INSERT IGNORE INTO `media` (`id`, `media_type_id`, `user_id`, `body`, `filename`, `size`, `metadata`, `created_at`, `updated_at`) VALUES ('11', '11', '11', 'Magnam veritatis voluptates et est eius est. Est eveniet error dignissimos. Id esse rerum autem iusto.', 'fugit', 44451068, NULL, '1980-06-13 08:12:58', '2012-05-14 04:38:31');
INSERT IGNORE INTO `media` (`id`, `media_type_id`, `user_id`, `body`, `filename`, `size`, `metadata`, `created_at`, `updated_at`) VALUES ('12', '12', '12', 'Nisi odit earum ex quisquam sequi quisquam fugiat. Quas architecto quae odit recusandae. Vel rerum consequatur officia repudiandae exercitationem atque omnis. Eum ut ullam quia officia non consequatur quam quia.', 'quis', 963211, NULL, '1999-11-25 13:38:50', '2019-09-23 05:13:17');
INSERT IGNORE INTO `media` (`id`, `media_type_id`, `user_id`, `body`, `filename`, `size`, `metadata`, `created_at`, `updated_at`) VALUES ('13', '13', '13', 'Voluptatibus exercitationem quod corrupti. Quisquam possimus ex rem dolores. Ut tempora in aut officia est porro veniam. Praesentium facere et aut quis sit vero iste.', 'cupiditate', 0, NULL, '2009-12-24 18:56:51', '1986-08-23 18:21:19');
INSERT IGNORE INTO `media` (`id`, `media_type_id`, `user_id`, `body`, `filename`, `size`, `metadata`, `created_at`, `updated_at`) VALUES ('14', '14', '14', 'Sed tenetur quia qui maxime aspernatur adipisci enim. Qui qui nesciunt similique pariatur. Fugit atque sit et quod ut vel. Est culpa velit dicta impedit aut ullam ullam.', 'omnis', 54449, NULL, '1996-10-16 00:52:36', '2003-01-06 20:20:04');
INSERT IGNORE INTO `media` (`id`, `media_type_id`, `user_id`, `body`, `filename`, `size`, `metadata`, `created_at`, `updated_at`) VALUES ('15', '15', '15', 'Aut ipsam facilis voluptate consequatur. Vel dolore id pariatur nesciunt autem esse. Consequatur dolorum molestiae neque dolore eos odit. Soluta velit quos quisquam pariatur nam sequi nihil.', 'aut', 33305436, NULL, '1987-12-31 03:37:34', '1998-09-04 21:56:03');
INSERT IGNORE INTO `media` (`id`, `media_type_id`, `user_id`, `body`, `filename`, `size`, `metadata`, `created_at`, `updated_at`) VALUES ('16', '16', '16', 'Voluptas natus rem at dolorem suscipit. Quas minima tenetur iste enim ipsam et in. Eligendi quia in iste reprehenderit ipsa sed.', 'voluptas', 3, NULL, '1979-06-16 06:18:32', '1989-10-26 13:19:20');
INSERT IGNORE INTO `media` (`id`, `media_type_id`, `user_id`, `body`, `filename`, `size`, `metadata`, `created_at`, `updated_at`) VALUES ('17', '17', '17', 'Provident ut animi sit est sed laborum perferendis. Reiciendis et qui laudantium. Officiis aliquid et ipsum rerum. Et ea ut non placeat numquam placeat sequi. Quo qui omnis consequatur non blanditiis vel culpa.', 'magni', 12322, NULL, '2016-07-23 15:03:06', '1993-07-12 22:35:07');
INSERT IGNORE INTO `media` (`id`, `media_type_id`, `user_id`, `body`, `filename`, `size`, `metadata`, `created_at`, `updated_at`) VALUES ('18', '18', '18', 'Ipsum sunt reiciendis et sed minus qui. Maxime quis explicabo omnis consequatur.', 'esse', 8409222, NULL, '1997-07-03 09:42:06', '1985-06-08 18:03:36');
INSERT IGNORE INTO `media` (`id`, `media_type_id`, `user_id`, `body`, `filename`, `size`, `metadata`, `created_at`, `updated_at`) VALUES ('19', '19', '19', 'Quia consequatur eum inventore et. Aut iusto quam dolores velit suscipit modi. Fuga similique nostrum est eius possimus.', 'molestiae', 447038, NULL, '2014-07-17 09:45:12', '1980-09-27 08:28:59');
INSERT IGNORE INTO `media` (`id`, `media_type_id`, `user_id`, `body`, `filename`, `size`, `metadata`, `created_at`, `updated_at`) VALUES ('20', '20', '20', 'Sequi et iure natus. Dicta ut asperiores sunt qui vitae. Natus aut mollitia nam consequatur ex quaerat et.', 'rerum', 48, NULL, '2003-07-11 13:22:51', '2003-03-16 23:21:46');
INSERT IGNORE INTO `media` (`id`, `media_type_id`, `user_id`, `body`, `filename`, `size`, `metadata`, `created_at`, `updated_at`) VALUES ('21', '21', '21', 'Error odio rerum porro et voluptatem similique. Voluptate animi voluptas tenetur dolores sunt.', 'voluptas', 442, NULL, '1976-10-28 22:45:55', '2011-08-07 16:57:43');
INSERT IGNORE INTO `media` (`id`, `media_type_id`, `user_id`, `body`, `filename`, `size`, `metadata`, `created_at`, `updated_at`) VALUES ('22', '22', '22', 'Suscipit possimus delectus beatae deleniti provident natus. Eum cum minus maiores et voluptatibus. Quis debitis ducimus voluptatem quisquam dolor id iusto. Illum quae ex voluptatem quis.', 'sint', 382271, NULL, '1973-10-11 00:26:50', '1982-03-13 00:03:24');
INSERT IGNORE INTO `media` (`id`, `media_type_id`, `user_id`, `body`, `filename`, `size`, `metadata`, `created_at`, `updated_at`) VALUES ('23', '23', '23', 'Nesciunt impedit qui fugiat est. Accusamus similique qui voluptatem sit. Est tempora in in molestiae eligendi.', 'eum', 0, NULL, '2012-07-29 08:04:43', '2004-09-01 04:03:01');
INSERT IGNORE INTO `media` (`id`, `media_type_id`, `user_id`, `body`, `filename`, `size`, `metadata`, `created_at`, `updated_at`) VALUES ('24', '24', '24', 'Quia qui architecto reiciendis. Quo qui architecto reiciendis soluta et velit voluptatum. Molestiae soluta beatae dignissimos quia doloribus corporis et.', 'et', 0, NULL, '1973-01-18 07:42:45', '2006-11-19 06:32:22');

INSERT IGNORE INTO `music` (`id`, `song_name`, `singer`, `main_user_id`, `added_at`) VALUES ('1', 'odio', NULL, '1', '1987-12-31 20:50:53');
INSERT IGNORE INTO `music` (`id`, `song_name`, `singer`, `main_user_id`, `added_at`) VALUES ('2', 'fugiat', NULL, '2', '2017-03-09 14:57:04');
INSERT IGNORE INTO `music` (`id`, `song_name`, `singer`, `main_user_id`, `added_at`) VALUES ('3', 'nisi', NULL, '3', '2002-02-10 10:12:13');
INSERT IGNORE INTO `music` (`id`, `song_name`, `singer`, `main_user_id`, `added_at`) VALUES ('4', 'dolores', NULL, '4', '1992-09-25 02:38:00');
INSERT IGNORE INTO `music` (`id`, `song_name`, `singer`, `main_user_id`, `added_at`) VALUES ('5', 'voluptatum', NULL, '5', '2011-09-05 15:16:47');
INSERT IGNORE INTO `music` (`id`, `song_name`, `singer`, `main_user_id`, `added_at`) VALUES ('6', 'et', NULL, '6', '1974-11-22 23:56:01');
INSERT IGNORE INTO `music` (`id`, `song_name`, `singer`, `main_user_id`, `added_at`) VALUES ('7', 'nihil', NULL, '7', '1987-07-06 20:04:59');
INSERT IGNORE INTO `music` (`id`, `song_name`, `singer`, `main_user_id`, `added_at`) VALUES ('8', 'nesciunt', NULL, '8', '1996-09-03 03:06:18');
INSERT IGNORE INTO `music` (`id`, `song_name`, `singer`, `main_user_id`, `added_at`) VALUES ('9', 'voluptate', NULL, '9', '1985-10-01 09:32:44');
INSERT IGNORE INTO `music` (`id`, `song_name`, `singer`, `main_user_id`, `added_at`) VALUES ('10', 'sed', NULL, '10', '1980-12-14 10:31:01');
INSERT IGNORE INTO `music` (`id`, `song_name`, `singer`, `main_user_id`, `added_at`) VALUES ('11', 'omnis', NULL, '11', '1979-10-11 20:12:48');
INSERT IGNORE INTO `music` (`id`, `song_name`, `singer`, `main_user_id`, `added_at`) VALUES ('12', 'velit', NULL, '12', '2015-03-31 17:43:22');
INSERT IGNORE INTO `music` (`id`, `song_name`, `singer`, `main_user_id`, `added_at`) VALUES ('13', 'ipsa', NULL, '13', '1983-08-20 18:33:59');
INSERT IGNORE INTO `music` (`id`, `song_name`, `singer`, `main_user_id`, `added_at`) VALUES ('14', 'quidem', NULL, '14', '1971-05-22 02:26:53');
INSERT IGNORE INTO `music` (`id`, `song_name`, `singer`, `main_user_id`, `added_at`) VALUES ('15', 'rerum', NULL, '15', '1980-04-26 15:15:48');
INSERT IGNORE INTO `music` (`id`, `song_name`, `singer`, `main_user_id`, `added_at`) VALUES ('16', 'voluptas', NULL, '16', '1981-12-18 22:28:32');
INSERT IGNORE INTO `music` (`id`, `song_name`, `singer`, `main_user_id`, `added_at`) VALUES ('17', 'natus', NULL, '17', '1994-06-17 14:57:44');
INSERT IGNORE INTO `music` (`id`, `song_name`, `singer`, `main_user_id`, `added_at`) VALUES ('18', 'nesciunt', NULL, '18', '1999-06-03 01:50:08');
INSERT IGNORE INTO `music` (`id`, `song_name`, `singer`, `main_user_id`, `added_at`) VALUES ('19', 'expedita', NULL, '19', '1991-04-16 02:36:28');
INSERT IGNORE INTO `music` (`id`, `song_name`, `singer`, `main_user_id`, `added_at`) VALUES ('20', 'deserunt', NULL, '20', '1988-11-08 23:27:40');
INSERT IGNORE INTO `music` (`id`, `song_name`, `singer`, `main_user_id`, `added_at`) VALUES ('21', 'consequatur', NULL, '21', '2011-01-22 18:34:15');
INSERT IGNORE INTO `music` (`id`, `song_name`, `singer`, `main_user_id`, `added_at`) VALUES ('22', 'error', NULL, '22', '2000-12-31 06:00:36');
INSERT IGNORE INTO `music` (`id`, `song_name`, `singer`, `main_user_id`, `added_at`) VALUES ('23', 'similique', NULL, '23', '2007-01-14 06:18:16');
INSERT IGNORE INTO `music` (`id`, `song_name`, `singer`, `main_user_id`, `added_at`) VALUES ('24', 'quia', NULL, '24', '2012-04-11 07:20:40');

INSERT IGNORE INTO `users_music` (`user_id`, `music_id`) VALUES ('1', '1');
INSERT IGNORE INTO `users_music` (`user_id`, `music_id`) VALUES ('2', '2');
INSERT IGNORE INTO `users_music` (`user_id`, `music_id`) VALUES ('3', '3');
INSERT IGNORE INTO `users_music` (`user_id`, `music_id`) VALUES ('4', '4');
INSERT IGNORE INTO `users_music` (`user_id`, `music_id`) VALUES ('5', '5');
INSERT IGNORE INTO `users_music` (`user_id`, `music_id`) VALUES ('6', '6');
INSERT IGNORE INTO `users_music` (`user_id`, `music_id`) VALUES ('7', '7');
INSERT IGNORE INTO `users_music` (`user_id`, `music_id`) VALUES ('8', '8');
INSERT IGNORE INTO `users_music` (`user_id`, `music_id`) VALUES ('9', '9');
INSERT IGNORE INTO `users_music` (`user_id`, `music_id`) VALUES ('10', '10');
INSERT IGNORE INTO `users_music` (`user_id`, `music_id`) VALUES ('11', '11');
INSERT IGNORE INTO `users_music` (`user_id`, `music_id`) VALUES ('12', '12');
INSERT IGNORE INTO `users_music` (`user_id`, `music_id`) VALUES ('13', '13');
INSERT IGNORE INTO `users_music` (`user_id`, `music_id`) VALUES ('14', '14');
INSERT IGNORE INTO `users_music` (`user_id`, `music_id`) VALUES ('15', '15');
INSERT IGNORE INTO `users_music` (`user_id`, `music_id`) VALUES ('16', '16');
INSERT IGNORE INTO `users_music` (`user_id`, `music_id`) VALUES ('17', '17');
INSERT IGNORE INTO `users_music` (`user_id`, `music_id`) VALUES ('18', '18');
INSERT IGNORE INTO `users_music` (`user_id`, `music_id`) VALUES ('19', '19');
INSERT IGNORE INTO `users_music` (`user_id`, `music_id`) VALUES ('20', '20');
INSERT IGNORE INTO `users_music` (`user_id`, `music_id`) VALUES ('21', '21');
INSERT IGNORE INTO `users_music` (`user_id`, `music_id`) VALUES ('22', '22');
INSERT IGNORE INTO `users_music` (`user_id`, `music_id`) VALUES ('23', '23');
INSERT IGNORE INTO `users_music` (`user_id`, `music_id`) VALUES ('24', '24');

INSERT IGNORE INTO `photo_albums` (`id`, `name`, `user_id`) VALUES ('1', 'qui', '1');
INSERT IGNORE INTO `photo_albums` (`id`, `name`, `user_id`) VALUES ('2', 'laudantium', '2');
INSERT IGNORE INTO `photo_albums` (`id`, `name`, `user_id`) VALUES ('3', 'doloribus', '3');
INSERT IGNORE INTO `photo_albums` (`id`, `name`, `user_id`) VALUES ('4', 'aut', '4');
INSERT IGNORE INTO `photo_albums` (`id`, `name`, `user_id`) VALUES ('5', 'deserunt', '5');
INSERT IGNORE INTO `photo_albums` (`id`, `name`, `user_id`) VALUES ('6', 'possimus', '6');
INSERT IGNORE INTO `photo_albums` (`id`, `name`, `user_id`) VALUES ('7', 'vel', '7');
INSERT IGNORE INTO `photo_albums` (`id`, `name`, `user_id`) VALUES ('8', 'natus', '8');
INSERT IGNORE INTO `photo_albums` (`id`, `name`, `user_id`) VALUES ('9', 'amet', '9');
INSERT IGNORE INTO `photo_albums` (`id`, `name`, `user_id`) VALUES ('10', 'commodi', '10');
INSERT IGNORE INTO `photo_albums` (`id`, `name`, `user_id`) VALUES ('11', 'repellendus', '11');
INSERT IGNORE INTO `photo_albums` (`id`, `name`, `user_id`) VALUES ('12', 'iure', '12');
INSERT IGNORE INTO `photo_albums` (`id`, `name`, `user_id`) VALUES ('13', 'veritatis', '13');
INSERT IGNORE INTO `photo_albums` (`id`, `name`, `user_id`) VALUES ('14', 'quisquam', '14');
INSERT IGNORE INTO `photo_albums` (`id`, `name`, `user_id`) VALUES ('15', 'rerum', '15');
INSERT IGNORE INTO `photo_albums` (`id`, `name`, `user_id`) VALUES ('16', 'consequatur', '16');
INSERT IGNORE INTO `photo_albums` (`id`, `name`, `user_id`) VALUES ('17', 'distinctio', '17');
INSERT IGNORE INTO `photo_albums` (`id`, `name`, `user_id`) VALUES ('18', 'officiis', '18');
INSERT IGNORE INTO `photo_albums` (`id`, `name`, `user_id`) VALUES ('19', 'sed', '19');
INSERT IGNORE INTO `photo_albums` (`id`, `name`, `user_id`) VALUES ('20', 'libero', '20');
INSERT IGNORE INTO `photo_albums` (`id`, `name`, `user_id`) VALUES ('21', 'nemo', '21');
INSERT IGNORE INTO `photo_albums` (`id`, `name`, `user_id`) VALUES ('22', 'non', '22');
INSERT IGNORE INTO `photo_albums` (`id`, `name`, `user_id`) VALUES ('23', 'optio', '23');
INSERT IGNORE INTO `photo_albums` (`id`, `name`, `user_id`) VALUES ('24', 'est', '24');

INSERT IGNORE INTO `photos` (`id`, `album_id`, `media_id`) VALUES ('1', '1', '1');
INSERT IGNORE INTO `photos` (`id`, `album_id`, `media_id`) VALUES ('2', '2', '2');
INSERT IGNORE INTO `photos` (`id`, `album_id`, `media_id`) VALUES ('3', '3', '3');
INSERT IGNORE INTO `photos` (`id`, `album_id`, `media_id`) VALUES ('4', '4', '4');
INSERT IGNORE INTO `photos` (`id`, `album_id`, `media_id`) VALUES ('5', '5', '5');
INSERT IGNORE INTO `photos` (`id`, `album_id`, `media_id`) VALUES ('6', '6', '6');
INSERT IGNORE INTO `photos` (`id`, `album_id`, `media_id`) VALUES ('7', '7', '7');
INSERT IGNORE INTO `photos` (`id`, `album_id`, `media_id`) VALUES ('8', '8', '8');
INSERT IGNORE INTO `photos` (`id`, `album_id`, `media_id`) VALUES ('9', '9', '9');
INSERT IGNORE INTO `photos` (`id`, `album_id`, `media_id`) VALUES ('10', '10', '10');
INSERT IGNORE INTO `photos` (`id`, `album_id`, `media_id`) VALUES ('11', '11', '11');
INSERT IGNORE INTO `photos` (`id`, `album_id`, `media_id`) VALUES ('12', '12', '12');
INSERT IGNORE INTO `photos` (`id`, `album_id`, `media_id`) VALUES ('13', '13', '13');
INSERT IGNORE INTO `photos` (`id`, `album_id`, `media_id`) VALUES ('14', '14', '14');
INSERT IGNORE INTO `photos` (`id`, `album_id`, `media_id`) VALUES ('15', '15', '15');
INSERT IGNORE INTO `photos` (`id`, `album_id`, `media_id`) VALUES ('16', '16', '16');
INSERT IGNORE INTO `photos` (`id`, `album_id`, `media_id`) VALUES ('17', '17', '17');
INSERT IGNORE INTO `photos` (`id`, `album_id`, `media_id`) VALUES ('18', '18', '18');
INSERT IGNORE INTO `photos` (`id`, `album_id`, `media_id`) VALUES ('19', '19', '19');
INSERT IGNORE INTO `photos` (`id`, `album_id`, `media_id`) VALUES ('20', '20', '20');
INSERT IGNORE INTO `photos` (`id`, `album_id`, `media_id`) VALUES ('21', '21', '21');
INSERT IGNORE INTO `photos` (`id`, `album_id`, `media_id`) VALUES ('22', '22', '22');
INSERT IGNORE INTO `photos` (`id`, `album_id`, `media_id`) VALUES ('23', '23', '23');
INSERT IGNORE INTO `photos` (`id`, `album_id`, `media_id`) VALUES ('24', '24', '24');

INSERT IGNORE INTO `video_albums` (`id`, `name`, `user_id`) VALUES ('1', 'culpa', '1');
INSERT IGNORE INTO `video_albums` (`id`, `name`, `user_id`) VALUES ('2', 'vero', '2');
INSERT IGNORE INTO `video_albums` (`id`, `name`, `user_id`) VALUES ('3', 'sit', '3');
INSERT IGNORE INTO `video_albums` (`id`, `name`, `user_id`) VALUES ('4', 'nisi', '4');
INSERT IGNORE INTO `video_albums` (`id`, `name`, `user_id`) VALUES ('5', 'eum', '5');
INSERT IGNORE INTO `video_albums` (`id`, `name`, `user_id`) VALUES ('6', 'harum', '6');
INSERT IGNORE INTO `video_albums` (`id`, `name`, `user_id`) VALUES ('7', 'distinctio', '7');
INSERT IGNORE INTO `video_albums` (`id`, `name`, `user_id`) VALUES ('8', 'error', '8');
INSERT IGNORE INTO `video_albums` (`id`, `name`, `user_id`) VALUES ('9', 'cupiditate', '9');
INSERT IGNORE INTO `video_albums` (`id`, `name`, `user_id`) VALUES ('10', 'ut', '10');
INSERT IGNORE INTO `video_albums` (`id`, `name`, `user_id`) VALUES ('11', 'eveniet', '11');
INSERT IGNORE INTO `video_albums` (`id`, `name`, `user_id`) VALUES ('12', 'eum', '12');
INSERT IGNORE INTO `video_albums` (`id`, `name`, `user_id`) VALUES ('13', 'neque', '13');
INSERT IGNORE INTO `video_albums` (`id`, `name`, `user_id`) VALUES ('14', 'ratione', '14');
INSERT IGNORE INTO `video_albums` (`id`, `name`, `user_id`) VALUES ('15', 'voluptatem', '15');
INSERT IGNORE INTO `video_albums` (`id`, `name`, `user_id`) VALUES ('16', 'doloremque', '16');
INSERT IGNORE INTO `video_albums` (`id`, `name`, `user_id`) VALUES ('17', 'necessitatibus', '17');
INSERT IGNORE INTO `video_albums` (`id`, `name`, `user_id`) VALUES ('18', 'aut', '18');
INSERT IGNORE INTO `video_albums` (`id`, `name`, `user_id`) VALUES ('19', 'ratione', '19');
INSERT IGNORE INTO `video_albums` (`id`, `name`, `user_id`) VALUES ('20', 'odio', '20');
INSERT IGNORE INTO `video_albums` (`id`, `name`, `user_id`) VALUES ('21', 'voluptas', '21');
INSERT IGNORE INTO `video_albums` (`id`, `name`, `user_id`) VALUES ('22', 'molestias', '22');
INSERT IGNORE INTO `video_albums` (`id`, `name`, `user_id`) VALUES ('23', 'pariatur', '23');
INSERT IGNORE INTO `video_albums` (`id`, `name`, `user_id`) VALUES ('24', 'rerum', '24');

INSERT IGNORE INTO `video` (`id`, `video_album_id`, `media_id`) VALUES ('1', '1', '1');
INSERT IGNORE INTO `video` (`id`, `video_album_id`, `media_id`) VALUES ('2', '2', '2');
INSERT IGNORE INTO `video` (`id`, `video_album_id`, `media_id`) VALUES ('3', '3', '3');
INSERT IGNORE INTO `video` (`id`, `video_album_id`, `media_id`) VALUES ('4', '4', '4');
INSERT IGNORE INTO `video` (`id`, `video_album_id`, `media_id`) VALUES ('5', '5', '5');
INSERT IGNORE INTO `video` (`id`, `video_album_id`, `media_id`) VALUES ('6', '6', '6');
INSERT IGNORE INTO `video` (`id`, `video_album_id`, `media_id`) VALUES ('7', '7', '7');
INSERT IGNORE INTO `video` (`id`, `video_album_id`, `media_id`) VALUES ('8', '8', '8');
INSERT IGNORE INTO `video` (`id`, `video_album_id`, `media_id`) VALUES ('9', '9', '9');
INSERT IGNORE INTO `video` (`id`, `video_album_id`, `media_id`) VALUES ('10', '10', '10');
INSERT IGNORE INTO `video` (`id`, `video_album_id`, `media_id`) VALUES ('11', '11', '11');
INSERT IGNORE INTO `video` (`id`, `video_album_id`, `media_id`) VALUES ('12', '12', '12');
INSERT IGNORE INTO `video` (`id`, `video_album_id`, `media_id`) VALUES ('13', '13', '13');
INSERT IGNORE INTO `video` (`id`, `video_album_id`, `media_id`) VALUES ('14', '14', '14');
INSERT IGNORE INTO `video` (`id`, `video_album_id`, `media_id`) VALUES ('15', '15', '15');
INSERT IGNORE INTO `video` (`id`, `video_album_id`, `media_id`) VALUES ('16', '16', '16');
INSERT IGNORE INTO `video` (`id`, `video_album_id`, `media_id`) VALUES ('17', '17', '17');
INSERT IGNORE INTO `video` (`id`, `video_album_id`, `media_id`) VALUES ('18', '18', '18');
INSERT IGNORE INTO `video` (`id`, `video_album_id`, `media_id`) VALUES ('19', '19', '19');
INSERT IGNORE INTO `video` (`id`, `video_album_id`, `media_id`) VALUES ('20', '20', '20');
INSERT IGNORE INTO `video` (`id`, `video_album_id`, `media_id`) VALUES ('21', '21', '21');
INSERT IGNORE INTO `video` (`id`, `video_album_id`, `media_id`) VALUES ('22', '22', '22');
INSERT IGNORE INTO `video` (`id`, `video_album_id`, `media_id`) VALUES ('23', '23', '23');
INSERT IGNORE INTO `video` (`id`, `video_album_id`, `media_id`) VALUES ('24', '24', '24');

INSERT IGNORE INTO `games` (`id`, `name`, `main_user_game_id`, `added_at`) VALUES ('1', 'tenetur', '1', '1996-11-29 21:52:47');
INSERT IGNORE INTO `games` (`id`, `name`, `main_user_game_id`, `added_at`) VALUES ('2', 'itaque', '2', '2007-01-17 16:11:55');
INSERT IGNORE INTO `games` (`id`, `name`, `main_user_game_id`, `added_at`) VALUES ('3', 'tenetur', '3', '1998-06-06 06:47:04');
INSERT IGNORE INTO `games` (`id`, `name`, `main_user_game_id`, `added_at`) VALUES ('4', 'fuga', '4', '1974-08-17 08:18:21');
INSERT IGNORE INTO `games` (`id`, `name`, `main_user_game_id`, `added_at`) VALUES ('5', 'itaque', '5', '1984-03-02 23:31:01');
INSERT IGNORE INTO `games` (`id`, `name`, `main_user_game_id`, `added_at`) VALUES ('6', 'laboriosam', '6', '1997-05-11 21:11:23');
INSERT IGNORE INTO `games` (`id`, `name`, `main_user_game_id`, `added_at`) VALUES ('7', 'ipsam', '7', '1971-07-06 04:42:13');
INSERT IGNORE INTO `games` (`id`, `name`, `main_user_game_id`, `added_at`) VALUES ('8', 'soluta', '8', '2007-08-18 20:07:25');
INSERT IGNORE INTO `games` (`id`, `name`, `main_user_game_id`, `added_at`) VALUES ('9', 'voluptatum', '9', '2006-11-20 19:10:33');
INSERT IGNORE INTO `games` (`id`, `name`, `main_user_game_id`, `added_at`) VALUES ('10', 'impedit', '10', '1988-05-31 16:48:58');
INSERT IGNORE INTO `games` (`id`, `name`, `main_user_game_id`, `added_at`) VALUES ('11', 'et', '11', '2013-08-28 00:59:41');
INSERT IGNORE INTO `games` (`id`, `name`, `main_user_game_id`, `added_at`) VALUES ('12', 'dolorem', '12', '2004-06-07 22:37:29');
INSERT IGNORE INTO `games` (`id`, `name`, `main_user_game_id`, `added_at`) VALUES ('13', 'et', '13', '2014-05-24 06:16:10');
INSERT IGNORE INTO `games` (`id`, `name`, `main_user_game_id`, `added_at`) VALUES ('14', 'consequatur', '14', '1994-09-25 12:32:08');
INSERT IGNORE INTO `games` (`id`, `name`, `main_user_game_id`, `added_at`) VALUES ('15', 'quae', '15', '2006-01-02 19:28:25');
INSERT IGNORE INTO `games` (`id`, `name`, `main_user_game_id`, `added_at`) VALUES ('16', 'ut', '16', '1983-07-08 11:05:51');
INSERT IGNORE INTO `games` (`id`, `name`, `main_user_game_id`, `added_at`) VALUES ('17', 'qui', '17', '2019-11-20 09:05:30');
INSERT IGNORE INTO `games` (`id`, `name`, `main_user_game_id`, `added_at`) VALUES ('18', 'est', '18', '1971-10-19 02:37:33');
INSERT IGNORE INTO `games` (`id`, `name`, `main_user_game_id`, `added_at`) VALUES ('19', 'unde', '19', '1981-05-19 15:11:42');
INSERT IGNORE INTO `games` (`id`, `name`, `main_user_game_id`, `added_at`) VALUES ('20', 'ullam', '20', '1985-03-11 18:42:00');
INSERT IGNORE INTO `games` (`id`, `name`, `main_user_game_id`, `added_at`) VALUES ('21', 'suscipit', '21', '1983-05-09 23:54:30');
INSERT IGNORE INTO `games` (`id`, `name`, `main_user_game_id`, `added_at`) VALUES ('22', 'unde', '22', '2002-02-10 01:19:07');
INSERT IGNORE INTO `games` (`id`, `name`, `main_user_game_id`, `added_at`) VALUES ('23', 'autem', '23', '1998-09-27 06:05:04');
INSERT IGNORE INTO `games` (`id`, `name`, `main_user_game_id`, `added_at`) VALUES ('24', 'consequatur', '24', '1979-04-24 00:31:58');

INSERT IGNORE INTO `users_games` (`user_id`, `games_id`) VALUES ('1', '1');
INSERT IGNORE INTO `users_games` (`user_id`, `games_id`) VALUES ('2', '2');
INSERT IGNORE INTO `users_games` (`user_id`, `games_id`) VALUES ('3', '3');
INSERT IGNORE INTO `users_games` (`user_id`, `games_id`) VALUES ('4', '4');
INSERT IGNORE INTO `users_games` (`user_id`, `games_id`) VALUES ('5', '5');
INSERT IGNORE INTO `users_games` (`user_id`, `games_id`) VALUES ('6', '6');
INSERT IGNORE INTO `users_games` (`user_id`, `games_id`) VALUES ('7', '7');
INSERT IGNORE INTO `users_games` (`user_id`, `games_id`) VALUES ('8', '8');
INSERT IGNORE INTO `users_games` (`user_id`, `games_id`) VALUES ('9', '9');
INSERT IGNORE INTO `users_games` (`user_id`, `games_id`) VALUES ('10', '10');
INSERT IGNORE INTO `users_games` (`user_id`, `games_id`) VALUES ('11', '11');
INSERT IGNORE INTO `users_games` (`user_id`, `games_id`) VALUES ('12', '12');
INSERT IGNORE INTO `users_games` (`user_id`, `games_id`) VALUES ('13', '13');
INSERT IGNORE INTO `users_games` (`user_id`, `games_id`) VALUES ('14', '14');
INSERT IGNORE INTO `users_games` (`user_id`, `games_id`) VALUES ('15', '15');
INSERT IGNORE INTO `users_games` (`user_id`, `games_id`) VALUES ('16', '16');
INSERT IGNORE INTO `users_games` (`user_id`, `games_id`) VALUES ('17', '17');
INSERT IGNORE INTO `users_games` (`user_id`, `games_id`) VALUES ('18', '18');
INSERT IGNORE INTO `users_games` (`user_id`, `games_id`) VALUES ('19', '19');
INSERT IGNORE INTO `users_games` (`user_id`, `games_id`) VALUES ('20', '20');
INSERT IGNORE INTO `users_games` (`user_id`, `games_id`) VALUES ('21', '21');
INSERT IGNORE INTO `users_games` (`user_id`, `games_id`) VALUES ('22', '22');
INSERT IGNORE INTO `users_games` (`user_id`, `games_id`) VALUES ('23', '23');
INSERT IGNORE INTO `users_games` (`user_id`, `games_id`) VALUES ('24', '24');

INSERT IGNORE INTO `profiles` (`user_id`, `gender`, `birthday`, `photo_id`, `created_at`, `hometown`) VALUES ('1', 'm', '1986-09-18', '1', '1998-05-01 04:02:20', NULL);
INSERT IGNORE INTO `profiles` (`user_id`, `gender`, `birthday`, `photo_id`, `created_at`, `hometown`) VALUES ('2', 'f', '2010-06-10', '2', '2020-08-05 03:03:14', NULL);
INSERT IGNORE INTO `profiles` (`user_id`, `gender`, `birthday`, `photo_id`, `created_at`, `hometown`) VALUES ('3', 'f', '1975-12-26', '3', '1981-03-09 17:12:43', NULL);
INSERT IGNORE INTO `profiles` (`user_id`, `gender`, `birthday`, `photo_id`, `created_at`, `hometown`) VALUES ('4', 'f', '2009-04-08', '4', '2000-07-17 07:57:04', NULL);
INSERT IGNORE INTO `profiles` (`user_id`, `gender`, `birthday`, `photo_id`, `created_at`, `hometown`) VALUES ('5', 'f', '2019-12-09', '5', '2011-04-30 04:25:15', NULL);
INSERT IGNORE INTO `profiles` (`user_id`, `gender`, `birthday`, `photo_id`, `created_at`, `hometown`) VALUES ('6', 'm', '1980-06-11', '6', '2019-03-13 06:23:57', NULL);
INSERT IGNORE INTO `profiles` (`user_id`, `gender`, `birthday`, `photo_id`, `created_at`, `hometown`) VALUES ('7', 'm', '2012-03-19', '7', '1973-04-08 13:23:57', NULL);
INSERT IGNORE INTO `profiles` (`user_id`, `gender`, `birthday`, `photo_id`, `created_at`, `hometown`) VALUES ('8', 'f', '1982-12-08', '8', '2017-01-12 03:48:16', NULL);
INSERT IGNORE INTO `profiles` (`user_id`, `gender`, `birthday`, `photo_id`, `created_at`, `hometown`) VALUES ('9', 'm', '1996-05-06', '9', '1987-09-13 05:05:41', NULL);
INSERT IGNORE INTO `profiles` (`user_id`, `gender`, `birthday`, `photo_id`, `created_at`, `hometown`) VALUES ('10', 'm', '2009-01-13', '10', '2018-08-18 00:41:57', NULL);
INSERT IGNORE INTO `profiles` (`user_id`, `gender`, `birthday`, `photo_id`, `created_at`, `hometown`) VALUES ('11', 'm', '1994-10-27', '11', '1986-12-15 02:54:53', NULL);
INSERT IGNORE INTO `profiles` (`user_id`, `gender`, `birthday`, `photo_id`, `created_at`, `hometown`) VALUES ('12', 'f', '1983-01-27', '12', '2002-01-13 05:33:15', NULL);
INSERT IGNORE INTO `profiles` (`user_id`, `gender`, `birthday`, `photo_id`, `created_at`, `hometown`) VALUES ('13', 'f', '1998-11-09', '13', '2004-04-27 21:24:35', NULL);
INSERT IGNORE INTO `profiles` (`user_id`, `gender`, `birthday`, `photo_id`, `created_at`, `hometown`) VALUES ('14', 'f', '2016-12-31', '14', '2006-01-15 20:05:18', NULL);
INSERT IGNORE INTO `profiles` (`user_id`, `gender`, `birthday`, `photo_id`, `created_at`, `hometown`) VALUES ('15', 'm', '2015-06-14', '15', '1980-06-25 13:31:11', NULL);
INSERT IGNORE INTO `profiles` (`user_id`, `gender`, `birthday`, `photo_id`, `created_at`, `hometown`) VALUES ('16', 'm', '1975-07-07', '16', '2019-01-15 04:05:12', NULL);
INSERT IGNORE INTO `profiles` (`user_id`, `gender`, `birthday`, `photo_id`, `created_at`, `hometown`) VALUES ('17', 'm', '2003-06-27', '17', '2019-03-11 23:17:41', NULL);
INSERT IGNORE INTO `profiles` (`user_id`, `gender`, `birthday`, `photo_id`, `created_at`, `hometown`) VALUES ('18', 'm', '2012-03-29', '18', '1974-09-14 09:09:24', NULL);
INSERT IGNORE INTO `profiles` (`user_id`, `gender`, `birthday`, `photo_id`, `created_at`, `hometown`) VALUES ('19', 'f', '1980-06-01', '19', '2011-05-26 23:12:45', NULL);
INSERT IGNORE INTO `profiles` (`user_id`, `gender`, `birthday`, `photo_id`, `created_at`, `hometown`) VALUES ('20', 'm', '2012-04-17', '20', '2014-02-01 14:45:21', NULL);
INSERT IGNORE INTO `profiles` (`user_id`, `gender`, `birthday`, `photo_id`, `created_at`, `hometown`) VALUES ('21', 'm', '2014-08-30', '21', '2008-01-21 13:44:01', NULL);
INSERT IGNORE INTO `profiles` (`user_id`, `gender`, `birthday`, `photo_id`, `created_at`, `hometown`) VALUES ('22', 'm', '2018-01-04', '22', '2012-11-11 06:20:23', NULL);
INSERT IGNORE INTO `profiles` (`user_id`, `gender`, `birthday`, `photo_id`, `created_at`, `hometown`) VALUES ('23', 'm', '1974-09-02', '23', '2016-01-09 02:57:01', NULL);
INSERT IGNORE INTO `profiles` (`user_id`, `gender`, `birthday`, `photo_id`, `created_at`, `hometown`) VALUES ('24', 'm', '2003-06-29', '24', '2013-12-20 19:24:01', NULL);


-- 2. ,    ( firstname)      .

SELECT firstname FROM users 
ORDER BY firstname;

-- 3.     .

UPDATE users 
SET 
is_deleted = 0
WHERE id>=1 AND id<=5;

-- 4. ,     (  )

DELETE FROM messages
WHERE created_at > sysdate();

-- 5.     
-- "    "
